Submission ID,Respondent ID,Submitted at,Il tuo nome (opzionale),Il tuo ricordo,
"è stata una giornata bellissima ed emozionante."",APPROVED"
xVjLExk,441QAjk,2026-04-18 12:39:01,Anonimo,RICORDO LA SAGGEZZA DI DON PASQUALE DELL AMORE PER I SENTIERI DELLA SUA MONTAGNA E LA RISATA DAVANTI ALL EFFIMERO ,APPROVED
dbNoxNK,QKxMJM8,2026-04-18 17:47:09,Monica,Giornata meravigliosa preparata con cura tanta musica e canzoni come piaceva a don Pasquale ,APPROVED
OQlM448,Np4XrYN,2026-04-19 09:32:45,Daniele,Non ho conosciuto Don Pasquale ma su questo sentiero ho potuto ricostruire quanto ha lasciato a tanti ragazzi. Merita davvero!,APPROVED
"o9DjNoX,gDQ9eq1,2026-04-19 15:48:44,Anna,""Percorrere il  sentiero """" Due passi in Paradiso""""  non solo ritempra il corpo ma anche e soprattutto lo spirito. Gustare la bellezza dei luoghi, la gioia di camminare insieme ti rendono sempre viva la presenza e il ricordo di chi questi posti te li ha fatti amare. Grazie don Pasquale!"",APPROVED"
"WJrLzBk,kd0EdEZ,2026-04-19 21:19:19,Angela,""""""Passo dopo passo, sulle tracce di chi ci ha insegnato a camminare a testa alta. 🙏"
Ieri ,18 Aprile ,abbiamo inaugurato e questo sentiero dedicato a Don Pasquale, ma la verità è che il sentiero più bello lo ha tracciato lui dentro di noi.
È stato emozionante ritrovarsi dopo anni e scoprire che il tempo non ha scalfito il legame che ci unisce. 

"🥾❤️"""" questo sentiero è vivo: vibra dei nostri ricordi, delle risate ritrovate e di quei valori che ci hanno reso gli adulti che siamo oggi. Grazie di cuore a tutti per la presenza così sentita e commovente. Lassù, tra le vette più alte, siamo certi che il Don ci stia guardando con quel suo sorriso fiero, felice di vederci ancora una volta insieme sul cammino della vita. ❤️🌈😍"

"Buon cammino 🥾👟😘"",APPROVED"
